Country Code,Count
Remote,379
US,160
CA,115
UK,49
United,45
Europe,43
NY,41
DE,38
IL,37
TX,36
America,32
WA,32
IN,32
States,30
EMEA,30
ES,29
IE,29
OR,28
MA,28
IT,28
LATAM,27
GA,27
CO,26
MX,25
FR,24
AR,24
NL,24
USA,23
QA,22
FL,22
North,20
London,19
AL,19
PL,19
NC,19
South,19
UT,17
GB,17
PT,16
DZ,16
AU,16
PA,16
NJ,16
Global,15
AI,15
BR,15
MI,15
MD,14
International,14
AZ,14
Kingdom,13
Berlin,13
Africa,13
HR,12
UA,12
VA,12
JE,12
PH,11
AF,10
AD,10
Amsterdam,10
Americas,10
RO,9
SG,8
remote,8
Anywhere,8
ID,8
ML,7
TN,7
HU,7
Madrid,7
NE,7
European,7
Worldwide,7
UTC+0,7
AT,7
PK,7
Paris,6
MO,6
EE,6
Asia,6
Dublin,6
WI,6
FI,6
TR,6
BJ,6
AO,6
KR,6
JP,5
TH,5
AM,5
BG,5
Latin,5
SE,5
OH,5
LT,5
TW,5
Lisbon,5
DK,5
KE,4
MY,4
BO,4
CL,4
LV,4
Remoto,4
Washington,4
MN,4
Southern,4
KS,4
AG,4
ZA,4
SK,4
UTC-8,4
Warsaw,4
AE,4
UTC+2,3
Latam,3
UTC-5,3
IA,3
Ottawa,3
LA,3
KY,3
NV,3
Prague,3
CR,3
CZ,3
CY,3
UTC+1,3
SI,3
GE,3
APAC,3
RS,3
BD,3
CN,3
NO,3
IS,3
in,3
PE,3
CH,3
EC,3
PR,3
UTC+3,2
VN,2
KH,2
Riga,2
RI,2
NZ,2
NP,2
OM,2
AW,2
GR,2
Seoul,2
HN,2
GI,2
SA,2
Northern,2
Uk,2
JM,2
Nairobi,2
Tokyo,2
Kyiv,2
CX,2
BE,2
Desde,2
casa,2
AS,2
Bangkok,2
MT,2
PY,2
UY,2
EG,2
Budapest,2
Victoria,2
NA,2
UTC+6,2
SV,2
Moldova,2
MW,1
UG,1
Oceania,1
Trabajo,1
TL,1
CF,1
African,1
Manila,1
UKRemote,1
REMOTE,1
LK,1
Emea,1
HK,1
Globally,1
CG,1
UZ,1
Timor-Leste,1
Bucharest,1
UTC-6,1
KZ,1
remoto,1
h√≠brido,1
UKLondon,1
UKSofia,1
USARemote,1
Remote-Taipei,1
Remote-Bangkok,1
MS,1
BZ,1
Apac,1
Taipei,1
Remote-Latin,1
DO,1
BY,1
Latinamerica,1
Remote-Auckland,1
BI,1
Remote-Seoul,1
Usa,1
LI,1
ET,1
GT,1
NG,1
UTC+4,1
Ankara,1
BM,1
OK,1
LU,1
Remote-,1
anywhere,1
Guanajuato,1
VE,1
NI,1
CM,1
UTC-1,1
UTC+8,1
SC,1
RU,1
ME,1
CT,1
IQ,1
GH,1
Accra,1
UTC-4,1
UKCroatia,1
American,1
EMEARemote,1
Mich.,1
"Morelia,",1
states,1
Remote-Phnom,1
Northeast,1
UK-,1
JO,1
